id,title,contents,date
7481781,톤레온 프리야느낌으로 생각하면 ㅈ사기인듯,개쌔네 ㄹㅇ,202024.09.08
7481780,플레랑 실버랑 두오 댐 ??,알려죠- dc official App,202024.09.08
7481779,얀은 무슨 무기가 좋음?,ㅇㅇ?,202024.09.08
7481777,쌀숭이 노래중에 음식점 비유 이해를 못하겠는데,누가 해석좀 해주라 진짜 계속 보는데도 모르겠어..,202024.09.08
7481776,진짜 겜 븅신같네,이새끼들 프레임드랍 역대급인데 아무 언급도 없다는게 참,202024.09.08
7481775,잘못한 만큼 엉덩이 맞을 거에요.,몇 대 맞을래요,202024.09.08
7481774,동접 3만 쉽지않구나,하지만 산타걸이 나오면 어떨까,202024.09.08
7481773,붉폭은 어떨때써야함?,그냥 사거리증가는 부가옵션이라 생각하고 1회성 이동기라 생각하고 스킬이나 들어오는 근딜피하는데 쓰는게 좋음?,202024.09.08
7481772,라우라 강제 이니시 콤보,벨트 e r f잘 써먹어~- dc official App,202024.09.08
7481771,진다는게 뭐지..?,최강한화,202024.09.08
7481770,게임의 기본도 모르면 좀 잘 따라다니기러도 좀 해라 ㅆㅂ,쳐 모르면서 왜자꾸 혼자 싸돌아다니는지이해가 안가네뉴비새끼들이 롤첩새끼들이라 그런가,202024.09.08
7481769,겜켜서 코발트하기 vs 계속 누워잇기,으우 브부이 오늘 이리 한판도 안햇어,202024.09.08
7481768,일레븐은 아무리봐도 4포코가 맞다,얘는 뭘가든 고기방패밖에안됨,202024.09.08
7481766,지금 상위큐 매칭 지랄나긴한듯,메숭이 이상들은 지금 겜돌리면 큐도 잘안잡히고 다하위권 통나무 씹지옥이라 바로 티어만 찍고 도망가버리니까 겜돌려도 게임에 잘하는 사람들이 안보이던데- dc official App,202024.09.08
7481765,젠첩인데 우린 강팀이 아니었던걸 깨달았다,우린 걍 즙난지원금 잘먹는 팀이었어,202024.09.08
7481763,아이솔패시브 q에도터지는구나,궁에만터지는줄좆사기챔이네이거,202024.09.08
7481762,디시 서버관리못한 완장은 버거를 뿌려라!!!!,버거를 뿌려라!!!! 버거를 뿌려라!!!! 버거를 뿌려라!!!! 버거를 뿌려라!!!!,202024.09.08
7481760,요즘은 유저수준 어떰?,아직도 대회에서 선수가 잘해서 이긴걸 캐릭이 좆사기니까 너프하라니 마니 징징댐?,202024.09.08
7481759,아 시발 아군 키아라가 뻘궁 4번써서 짐,진짜 계속 피널널한데 궁찍어서 지는거 개열받네,202024.09.08
7481758,패스 이번 시즌 내내 890퍼렁돌임?,ㅇㅇ?,202024.09.08
7481757,에키온들 왜 갑자기 데스에더 사와함,이 씹 모기새끼들딱딱한 모기에서 말랑한 모기로 퇴화했네,202024.09.08
7481756,역시 사람은 좋아하는걸 해야하나봐,얀 쇼이치 윌리엄 같은거 하다가경 에키온으로 7등 8등해도 꼬라박으니깐 너무 행복해,202024.09.08
7481755,박치기공룡 2/3,LiberAnima ㅊㅊ,202024.09.08
7481754,비앙카하는새끼들은 정신병자천국이구나,시발 비앙카를 현우마냥쳐하네,202024.09.08
7481753,맛있는 국밥캐 없나,"얀,레온,카밀로,엘레나,클로에 이런 느낌의 맛도리 캐 없나- dc official App",202024.09.08
7481752,오늘 이터는 맘고생 심하단걸 배웟다,겜 안하는사람 억지로 어르고 달래는데되게 고생한다싶더라...,202024.09.08
7481751,좆같이못하는데 착한애들만나면진짜 쉽지않네,이놈들사과는또잘해서사과하면더뭐라하기도그렇고참그냥인성개씹창났는데잘하는놈좀잡아줘시발ㅋ,202024.09.08
7481750,근데 가넷 방망이는 다시생각해봐도 화 ㅈㄴ남,양검쓰라고 아,202024.09.08
7481749,라우라 E아무도 안맞아준다하는건 진짜 얼탱이가없네,이터 테오장인도라우라 ee거리 아예주지말라는건 말이안된다고 하는데,202024.09.08
7481748,사라진 화장실,,202024.09.08
7481747,와 디시 렉걸려서 못들어올줄,렉 시발아,202024.09.08
7481744,바바라 포탑에 레니 패시브 적용됨?,궁금하네,202024.09.08
7481743,가시성<<이게 진짜 큰 것 같음,와류같은건 좋든나쁘든 인식거품끼는데막상 좆사기인 프로토콜은 드는 새끼보이면 절해야함- dc official App,202024.09.08
7481742,자히르 별 생각 없었는데 그 갈색쇼타짤 보고 생각이 바뀜,자히르도 ts 맛집일듯,202024.09.08
7481741,대문빵 방코드 336487,"치지직 CHZZK지금, 스트리밍이 시작됩니다. 치지직-chzzk.naver.com치지직 CHZZK지금, 스트리밍이 시작됩니다. 치지직-chzzk.naver.com대문빵 방코드 336487https://chzzk.naver.com/2b7a170e160217906643a0c423a86eed치지직 CHZZK지금, 스트리밍이 시작됩니다. 치지직-chzzk.naver.com",202024.09.08
7481740,이리 프로팀에는 왜 기업 안들어옴,부산bank가 유일함?,202024.09.08
7481739,자히르같은 흑형이 홍대같은데서 여자따먹고다님,대물흑형관상임,202024.09.08
7481738,제니는 어떻게 싸워야함?,q박고 E로 공속땡기고 패시브평타로 싸우는 것 같은데요즘 앞라인이 백업이 너무 좋아서 제니로는 적 원딜 노리기가 좀 어렵던데.제니로 앞라인부터 녹여가면서 싸워도 되는 건가?,202024.09.08
7481737,뭔가했더니 끌올됐구나,,202024.09.08
7481735,이리갤. 씹새끼들. 주목.,지금부터. 너흰. 내. 아이를. 가진다.수컷도. 예외는. 없다.,202024.09.08
7481734,오늘디시 왜이럼???,글하나 보기가 힘드네 완장 일해라~!!!,202024.09.08
7481733,젠지 지니까 롤 관중석 다 빠져나간거 신기하네,젠지팬도 은근 많았구나 ㄹㅇ 텅텅스임,202024.09.08
7481732,근데 본인 급식딱 친구 하는짓 살짝 역겨움,발로계정 여러개만들고 여사친 실버큐 양학하면서 버스태워주던데어느정도 티어 올라가서 매칭풀 안잡히면 새계정 가져오고부계양학호모가 내주변에도 잇는거 알고 좀역겨웟음,202024.09.08
7481731,올해 게임업계 존나 무섭네,그동안의 모든 좆망겜을 따위로 만들정도로 압도적인 망겜 호연을 이긴 콩코드를 이긴 레드아카이브도대체 무슨일이 벌어지고있는거냐...,202024.09.08
7481730,나만 갤 렉 존나걸리냐,어디서 미친롤대남들의 축제라도 열렸나딱 시기가 그럴거같은데,202024.09.08
7481729,이게임에서 젤 인기많은 캐릭이 누구임?,,202024.09.08
7481728,스타벅스 녹차푸딩 왜 화장품맛임?,씨발 식감이고 맛이고 존나똑같은데- dc official App,202024.09.08
7481727,선장 평딜 10만 원딜이나 캐시함 실골플 랭망호 와주세요ㅠㅠ,율무1,202024.09.08
7481726,대문빵vs대물빨기,난 무조건 후자긴 함- dc official App,202024.09.08
7481725,그놈의 최종뎀이 뭐길래 최종뎀 너프 노래를 부르냐,그게 뭔데 ㅅㅂ,202024.09.08
7481724,근데 대문빵 우승하면 3명잇는데 대문 누가정함,돌아가면서 하나,202024.09.08
7481723,야 김쁠뿡 차렷,왜 포코를 안가져왔지??,202024.09.08
7481722,잘자,- dc official App,202024.09.08
7481721,개인적으로 리워크할 확률이 유력한 실험체 후보,"힐딱이3인방(요한, 레니, 샬럿)혜진엠마알렉스칼라르노어",202024.09.08
7481720,오랜만에 이리하니까 어려워,쏘 하드,202024.09.08
7481719,일녀 vs 한녀,그래도 한남은 역시 한녀밖에없네영,202024.09.08
7481718,혜진누나 내꺼임 건들지마셈,가슴 내가 빨꺼임,202024.09.08
7481717,리오 잘하고 싶어서 울엇어 ㅜㅜㅜㅜ,팀원이 혈팩줬는데 한타때 물리고 터지니까 눈치콘밖에 못썻어ㅡㅜㅜㅜ,202024.09.08
7481716,일망호 1/3,치야호야 친추- dc official App,202024.09.08
7481715,오늘의 일기,마이에게 포코를주었다자기 헤르메스를 만들었다멈춰있다 c당해서 사출당했다,202024.09.08
7481714,앙카 허벅지 주물주물마렵네,섰다- dc official App,202024.09.08
7481713,이번에도 대문 쉰네나면 갤태러함,1이미지 순서 ON2이미지 순서 ON3이미지 순서 ON이런거 하라고 이런거 씨발 팍씨- dc official App,202024.09.08
7481712,제가이기면이번에는꼭셀루바니걸을,한번도 못해봐서 너무 슬퍼,202024.09.08
7481711,이번 대문도 멋진 형아들이 있길 바라며...,멋진 형아들이 있다면 내 대문도 오픈가능해!!,202024.09.08
7481710,내가 대문빵 우승하면 르노어 마이크로비키니 사진 올릴거임,근데 대문빵 참가를 못해,202024.09.08
7481709,일망우 2/3,봐봐라 친추보망우 포기해따,202024.09.08
7481708,미스릴퀴버<<이거 왜있는거임?,내 상식상으로는 원딜이 레이더 냅두고 이걸 갈 이유가 없고그렇다고 근딜이 이거 올리기에는 미스릴 방패라는 대체제가 있는데이거 대체 어따쓰라고 만든거임?,202024.09.08
7481707,대문 바니걸좀 해줘,고추파티는 ㄴㄴㄴㄴ,202024.09.08
7481706,반갑블붕~,증드퀘이크스펙터다니엘하기 vs 와류퀘이크딜탱아비게일하기,202024.09.08
7481705,대문빤하기vs다른겜하러가기,흠,202024.09.08
7481704,근데 평딜 이거 의미있는 지표 맞음?,"쭉 잘하다가 두세판 7,8등 사출당하면 평균 쫙떨어지는데?",202024.09.08
7481703,이겜 첨하는데 호감 캐릭 머있어요?,약간 팀원일때 든든 국밥같은 캐릭 좋아해요,202024.09.08
7481702,루미 동선 그냥 미니맵에 그려주면 안되나?,짜피 동선 고정이면서 왜 굳이 숨겨놓는거야 편의성 패치한다매,202024.09.08
7481701,스나아야 좋음?,진짜 볼떄마다 화가나는데,202024.09.08
7481699,니들도 애착물건 같은거 있냐?,나 초딩때  길에서 주워온 인형13년째못버리고있고중학생때사준 패딩 아직도 못버리고있음 인형 가져다 버린다고 협박중임지금- dc official App,202024.09.08
7481698,매그 e에 원래 크리티컬 블로우 안터지누?,흠,202024.09.08
7481697,톤레온 개사기네,캐뤼.,202024.09.08
7481696,블부이들 뽀뽀 쭈와아아아아아아아아압,쭈왑,202024.09.08
7481695,아비게일은 왜 꼴리는거임?,그렇게 이쁜것도 아니고 그렇게 귀여운것도 아니고 그렇게 가슴이 큰것도 아닌데,202024.09.08
7481694,갤러리의 운명을 지을 대회가 9분남았군,이번엔 제발,202024.09.08
7481693,모기가 왜 이제 슬슬 보이는거지..,여름내내 없었는데  이 새기들 어떻게 들어온거야,202024.09.08
7481692,스킨 재작업은 언제하냐,수익안나오는것도 ㅇㅈ하는데마르티나는 진짜 좀 심한거 같은데,202024.09.08
7481691,아이솔 w쓰는게 낫냐 평타치는게 낫냐,뭔가 평타가 더 데미지 쎈느낌인데실제로 더 쎄냐??,202024.09.08
7481690,장문) 다니엘이 버프받아야하는 이유,​예쁘니까.,202024.09.08
7481689,애들아 나 칭찬해줘!,오늘 하루종일 이터널리턴했어...코발트23판 일반2판!,202024.09.08
7481688,3템클로에로 풀템 쇼이치 모가지 뜯었더니,우리팀 리오슝삭이 정상화 당해있음 아오탱하고 리슝삭 미러전인데 왜 먼저 누운거야,202024.09.08
7481687,플레 랭망호 전시즌 릴 이상만,옛날 친추,202024.09.08
7481686,님들 아드리아나 얘쓸만함??,박스에서 얘스킨떳슴 근데 재료업어서 못만들어,202024.09.08
7481685,스증원딜 왜 하는거임,평타 걔들은 니들이 스킬 다박는 데미지를 스킬 없이 평타 1.5초 딸깍으로 만듬,202024.09.08
7481683,윌리엄 궁 공에 스무스하게 슬라이딩 타기 << 은근어려움,진짜 물 흐르듯 구렁이 담 넘어가듯 근두운 탄 손오공처럼 날아가고싶은데 쉽지않음,202024.09.08
7481682,지금 양유 많이 좋음??,솔랭 ㅇㄸ,202024.09.08
7481681,밤샘 피시방 하고싶다,예전에 피시방에서 밤샌적잇엇는데,202024.09.08
7481680,옆집 중국이리 한화가이겻드라,쵸비는 앙평이라서 그만 준우승해버림,202024.09.08
7481679,박치기공룡 출동 1/3,LiberAnima ㅊㅊ,202024.09.08
7481678,원딜 가차 몰기는 교전으로 증명하면 된다니까????,베스트는 닥지지 통계를 이쁘게 해놓는 것이고 차선은 초반 한타에서 보여주면 됨 말이 필요 없다,202024.09.08
7481677,라우라<<도대체 왜 핫픽스당함?,에휴 욕이랑 너프는 라우라가 다 먹고 이터런은 리오선족이 다하네 또 원딜이야?,202024.09.08
7481676,유신드 혜진은 별론가,유신드 증드 우뚝 팔 다리는 뭐가지해봐야겠다,202024.09.08
7481675,친구랑 이리하고싶은데 난 롤도한적없는 좆밥임,친구는 다이아 인가 거긴데 원딜자주함나는 적당히 혜지짓하면서 파밍만 하고 원딜케어만 잘해도같이 할만한 서폿이나 탱 추천부탁스,202024.09.08
7481674,8시 55분에 대문빵 알려주셈,안알려주면 나랑 딥키스니깐 각오하고,202024.09.08
7481673,돌아야 버리고 리오나 할까?,돌아야는 4만딜이 한계인거 같은데 리오해서 3대1 한번 찍고싶네,202024.09.08
7481672,원딜은 템욕심 내는게 맞음 ㅇㅇ,템욕심 안내는 원딜이 진짜 지옥이다..,202024.09.08
7481671,코발트하는데 갑자기 렉 졸라걸리네,억울하다억울해,202024.09.08
7481670,아니 오늘 윌리엄 공이 안타져 왜이러지,오늘 컨디션 개 ㅈ박았나봐일단 방금 일어났긴함,202024.09.08
7481669,다이아3인데 1377등이면 얼마나 인구가 없는거야,충격이네,202024.09.08
7481668,아브실골 랭망꼬 2/3 두오아님,죄송 친추,202024.09.08
7481667,오우 ㅋㅋ 다이아들 매콤하네,전시즌 휴먼유저라 골드로 배치 시작하는데존2나 못하는 전시즌 다이아 시셀라가초반 가챠 2개먹고 레녹스보다 딜 못넣고개쌍욕박네 ㅋㅋㅋㅋㅋㅋㅋㅋ,202024.09.08
7481666,장문) 시즌5 에스텔의 문제점,"참고로 난 정출유입 시즌4 에스텔 원험 미빵 박제충이다일반포함하면 천판정도 에스텔 함 정출전 에스텔 안해봄맨밑에 3줄요약 있음1. ㅄ같은 스킬증폭, 체력 쌍계수기본 W 선제대응을 제외한 모든 스킬이 체력, 스증 쌍계수임스증, 탱 한쪽으로만 몰아간다면 한쪽계수를 버리기 때문에 캐릭성능이 제대로 안나옴2. ㅄ같은 쌍계수로 인한 하이브리드 템트리 강요스킬증폭이 없으면 곰보다 못한 존재감으로 저지력이 안나옴. 딜이 아예 안나오기때문에 무시하고 우리팀을 다 갈아버린 후에 갱뱅해버림스증만 간다면 4혈액팩+퍼스증템으로 스증 1천일때 방패방어가 무려 알론소와 같은 70퍼센트의 데미지감소율이 나옴결국 탱과 스증 둘다 챙겨야하기때문에 1선 캐릭터들 중 상대적으로 체력,방어력이 낮고다른 탱커들에 비해 보라템으로 기대할수 있는 탱킹이 빈약해서 딜러에게 템 사주는것도 부담스러움위의 문제때문에 불드, 하온파, 유신드, 바니햇, 솔라시스템, 토템, 초월 등 체력계수가 달린 템, 전술스킬치유드론의 퍼센트 회복 효율도 덜나오게됨스증템도 마찬가지로 체력계수가 달린만큼 스증 계수가 저열하기때문에 효율이 안나옴.스증, 체력 둘다 달린 템만 끼면 되나 싶은데 몇개 없음. 우뚝, 레버넌트, 클라다가 있지만 우뚝도 시들하고 나머진 사장된 상태임3. ㅄ같은 스증계수로 인한 탱킹 스킬들의 애매한 성능에스텔의 탱킹력에 영향을주는 P사명감의 자가 회복량, E방패방어의 데미지 감소율,R헬기호출의 실드량에모두 스킬증폭 계수가 붙어있음스증을 안챙길경우 패시브 회복량, 방패 데미지 감소율, 궁 보호막이 다 줄어듦상술했다시피 스증템을 챙기면 체력계수 달린 템, 특성, 전술스킬 효율이 구려짐다른 탱커들의 탱킹스킬을 보면 스킬레벨 차이는 있어도스킬증폭이나 공격력이 탱킹에 관여하는경우는 거의 없음알론소의  W는 1레벨부터 전구간 70퍼센트 데미지감소일레븐의 도발 데미지감소, 궁극기 회복량은 스킬레벨은 따라가지만 계수가 없음레녹스의 패시브 실드량은 체력 계수만 있음유키의 W는 전구간 30퍼센트 데미지감소보통 탱커라고 볼만한 캐릭들은 탱템만 둘러도 데미지에서 손해는 봐도탱킹력에서는 손해를 전혀 안봄2-1 E- 방패방어툴팁에는 적혀있지 않은전방만 데미지감소, E-W 물뿌리기 사용시 데미지감소 없음, 지속시간동안 이동속도가 15퍼센트 감소하는 단점이 있음1렙기준 20퍼센트+ 스증3퍼로 초반템 기준 30퍼센트도 안되는 전방 한정 탱킹능력을 제공함5렙기준 40퍼센트+ 스증3퍼로 스킬증폭과 스킬레벨을 둘다 챙겨야 탱킹성능이 나옴주력기 W다음으로 우선순위가 밀리기때문에 2번째 선마로 가게되고 빨라야 13레벨에 마스터가 찍힘아군에 2원딜을 끼고 전방에서만 공격이 오는 포킹싸움할때는 좋은스킬이지만포킹싸움 외의 상황에서는 다른 탱커들의 스킬에 비해 밸류가 떨어진다고 생각함2-2 R - 헬기호출글로벌 이동이 가능한 궁이지만 교전 중 사용시는 궁극기 치고 매우 별로라고 생각함20레벨 낙낫 불드 우뚝 아흐 헬메 5전설 착용상태로죽기직전인 자신에게 사용시 800정도의 실드와 거의 3초뒤에 날아오는 물폭탄이 딜러에게 맞췄을 때 300정도의 데미지, 1초 슬로우를 준다일레븐의 체력 50퍼센트 회복, 알론소의 광역그랩, 슬로우 +3초간 체력 42퍼센트 회복맞추긴 어렵지만 리턴은 확실한 유키의 화무십일홍, 레녹스의 푸른뱀 고정데미지 등에 비하면 너무 초라해보이는 수치임2일차까지의 초반에는 스플릿, 합류에서 확실한 강점이지만 항상 같이다녀야하는 중~후반이나한타상황에서는 본인에게 궁을 쓸경우가 대부분이기때문에 초반 글로벌 이동기의 이득보다 중후반 교전시에는 궁밸류가 낮은게 크게 느껴짐아군에게 썼을때는 추가로 에어본이 있지만3초간 에스텔이 전장이탈을 하는데여기부터 글러먹음 교전중에 아군에게 타버리면 그동안 우리팀이 2:3을 하게된다.지금처럼 딜이 넘쳐나는 메타에서는 800도 안되는 콘돔실드 주겠다고 아군궁을 타버리면 낙하하기도 전에 아군이 죽어있을 확률이 매우 높음3. 메타빨을 못받음위의 문제점이 팍 느껴진게 메타때문이 제일 큼시즌5는 템이 빨리 뽑히면서 딜이 넘쳐나고 TTK가 짧음어그로 핑퐁으로 패시브, 방패, 진칼 돌리면서 오래 싸워야 애매한딜과 애매한 탱이 장점으로 바뀌는게 에스텔인데현재 시즌 5 메타에는 적 딜러들의 딜이 너무 강해서 한턴 버티는게 매우 힘듬.세줄요약1선 캐릭터지만 탱킹스킬 전부 ㅄ같은 스증계수가 달려서 하이브리드 템트리를 강요받음.죽창메타에서 스증템을 챙겨서 얻는 이득보다 스증템을 껴야해서 탱템 갯수가 줄어드는 손해가 큼육각형 캐릭터지만 지금같은 딜 넘치는 죽창 메타에는 존나 작은 육각형이라 딜도 탱도 안되는 똥임.그냥 스증 갖다버리고 체력으로 계수 통일해주면 좋겠다 시발 신규탱템들좀 맛있게 쓰고싶어 님블아",202024.09.08
7481665,패스렙 8렙인데 40렙 언제찍냐고,제니의 하얀 스타킹을 찢어발기고싶구나...,202024.09.08
7481664,방관루크도 개 쓰레기 됐구나,있는게 딜 말곤 없는데 여의봉 공격력 토막에 q 투사체 커져서 이거 진짜 답이없는데,202024.09.08
7481663,일망호가자,닉:헬다이버,202024.09.08
7481661,도안 존버 어디까지해야되나 짜증나 ㅠㅠ,창녀 시셀라 스킨 언제나오나요 ㅠㅠㅠ,202024.09.08
7481660,이새끼들 하도 얀 사기래서 랭크가서함 해봤는데,Q조작감 좆같아서 박고 8등해버림,202024.09.08
7481659,아이템 예전 버전 볼수있는 방법 없나,월계관 발화렙테 화점창 발화계수아흐라만 스증풍화륜보다 구린 글셜이런것좀 보고싶은데 심심해서- dc official App,202024.09.08
7481658,메테오라이트<< 이새끼들 뭐냐?,걍 줜나 잘하노 ㅋㅋ 혼자 이니시걸고 살아서 따고나오네,202024.09.08
7481657,일망호 1/3,성야 <---선장 니키함닉넴 적은 사진 날라간 줄 몰라씀..- dc official App,202024.09.08
7481656,좆버러지의 이상한 블맘에키온,"기본 골자 설명블맘 에키온은 원래 탱커용 템을 챙김으로써 앞라인에서 데미지를 버티며 상대 진영을 붕괴시키는 혹은 어그로를 끌며 상대를 잡아두는 역할 이지만지금 메타에는 에키온이 원딜들 데미지를 버티면서 진영붕괴를 시도하는게 불가능함 => 어차피 지금 병신캐인거 발상의 전환으로 그냥 피랑 스킬만 다빼고 튀면 그만 아님?그래서 연구한게 스펙터고 어느정도 성공함기존 베슈미뚝 템트리 대비 장점:앞라인 포커싱이 편해짐 기존 블맘은 들어가서 지 멋대로 날뛰는 느낌이라면 얘는 팀이랑 스펙터를 이용해서 1~1.5선 부터 녹이는걸 목적으로함물론 체급을 이용한 원딜죽이기도 됨단점:운영이 좀 좆같음.......생존력이 아무리 보완해도 기존에 비해서는 떨어질수밖에 없음응징 슬로우가 빠지기에 스킬샷을 요구함(와류 채용시)스킬을 신중하게 써야함게이지 체우는 q1q2에 와류가 터지면 바보가 되기에 항상 게이지를 채우고 다니거나 폭주전에 무스를 써서 무스로 게이지를 채운 다음 쿨을 돌리면서 시작해야함Ex. 게이지 0 기준 적 조우 Q5레벨 E1레벨Q1 D E(허공에) Q2 (17+45+18+25=105)특성와류 채용 이유: 스펙터의 채용으로 인한 살짝 약해진 체력 땜빵용부특 저항 채용 안한이유: 안해도 살더라힘의 축적 사용 이유: 오버워치(쿨감 블맘한테 별로임 물론 쿨감 올라갈수록 안정성이 올라감 근데 쿨감템 채용할 여유가 없음), R리차저(에키온 궁은 고정쿨이다)혹은치드,코인토스,할쿠를 채용하고저항 부특을 취향껏 채용함기본 템트리와 전술스킬골->연맨날 먹는 템트리(방화복,카우보이,아이기스,등산화)+ 초월이거보다 나은 2루트 있음 제보좀빌드업 템트리1순위 무기2순위 옷,머리,에피네프린3순위 팔,전술강화4순위 다리갈수 있는 후반 템들(상황따라 판단 가장 왼쪽이 스텐다드)옷: 스펙터 고정머리: 드워프, 미스릴 투구팔: 미스릴 방패(드워프를 가면 무조건 미방), 토템, 솔라다리: 헤르메스, 블레이드 부츠(미뚝을 가면 무조건 올려야 함으로 우선순위가 3순위로 올라감)미스릴 방패의 채용 이유지금은 평원딜이 주류임 당연히 평원딜이 쥐약인 블맘한테 리플렉션은 선택이 아닌 반필수임근데 원래 블맘이라는 놈이 응징 슬로우나 미뚝 슬로우에 기대야할 정도로 스킬샷이 빡셈근데 얘는 좀 다름 그냥 R딸깍 하고 신속키고 스펙터로 비비면 그만임 게다가 미방의 신속이 도망에도 용이하고게다가 의외로 지금 아무도 안쓰지만 미방 가성비가 미쳐돌아감.......(방13 공속30% 체력19~380 고유효과 신속을 할쿠로 235원에 즐기기)아마 다음에 스증원딜 올라오면 다시 미뚝에 토템갈듯주의 사항: 루미가 파는 템을 보고 잘 생각해서 상황에 맞춰 유동적으로 가야함루미가 전강모를 판매한다 하고 예시들어 만든거의견 많이 받읆.....내가 플탐만 많지 존나 버러지라.....이거도 틀만 잡힌거라아마 글이 존나 보기 불편할거임.....내가 글쓰는 재주도 없고 집에서 쓰다 일때문에 끌려나와서밖에서 폰으로 최대한 쓴거임....",202024.09.08
7481655,본인 패스렙 47렙인데 이리 사랑견인듯,np 안씀,202024.09.08
7481654,대문빵 대기방송 on,"https://chzzk.naver.com/2b7a170e160217906643a0c423a86eed치지직 CHZZK지금, 스트리밍이 시작됩니다. 치지직-chzzk.naver.com번호는 9시에 공개됨- dc official App",202024.09.08
7481652,아드 딜이 원래 구린건지,아니면 내가 원딜에 재능이 없는건지,202024.09.08
7481651,애기 공주님인가요 왕자님인가요 ??,평민이요,202024.09.08
7481650,픽창에서 긴장감좀 줘야지 애들좀빡겜함..,입장하자마자 반갑다 난 미빵이야!이러면 좀 채찍맞은노예마냥 빡겜해서 잘이김- dc official App,202024.09.08
7481648,????????이게 대체모지?????,뭐했다고 벌써 토큰이 500개 넘어갔지 근데 하필 스킨이 짱깨새끼네 아,202024.09.08
7481647,"출항콘 달아주실분,,,",,202024.09.08
7481646,이번시즌 운빵단임 미방단임?,ㅇㅇㅇ?,202024.09.08
7481645,보지스한테 핏빛왕관 줬는데 갑자기 릴뽑더니 쿼드아이로 바꿈,크리 빠지는게 싫으면 그 릴로 인터벤션 가면 되는거 아닌가?,202024.09.08
7481644,르노어가 그렇게 재미업슴..?,나오고 한판도 안해봣는데 해볼가 어떤데 그럼..??,202024.09.08
7481643,버니스는 왜 덫파괴 안됨??,이거 파괴로 만들면 버니스 죽는거임??막금구에서 바닥에 깔아두니깐 돌겟네. emp 던지는것도 한두번이지 emp풀리면 덫도 다시 재가동 시작해서 더 거지같아.,202024.09.08
7481642,나 대신 알바좀 가주실분,망오하게,202024.09.08
7481641,감각차단은 특유의 천박함이 꼴림,ㄹㅇ,202024.09.08
7481639,블부 다좋은데 하위가 클링온인게 너무 씨발이네,블부는 값도싸고 공속 적응형 치감 딱 이쁘게 챙길수있는거 좋은데클링온 이 좆병신템이 루트에 올라가있는거 보면 속이 뒤틀려,202024.09.08
7481637,지금 바냐는 근숭이 그 이상의 무언가같음,지금 메타에 캐릭이 이렇게 멍청할수가 없다,202024.09.08
7481636,발기를 부르는 스킨,이 개꼴리는년 나올때까지 숨참는다...,202024.09.08
7481635,대학교에서 강의 듣다가 제 발 저린 띠아,놀라서 답변했다가 확인해보고 다시 컨셉잡는중,202024.09.08
7481634,아니 점수 왤케 짜게줌????,플4에서 20킬 1등인데 왜 126점밖에 안줌??? 원래 150정도 주지않나- dc official App,202024.09.08
7481633,근딜 뭐써야함 지금 (라슝좍 제외),다르코도 ㄴㄴ 다르코시름,202024.09.08
7481632,키아라 보지에 손을 넣었더니 [더보기],1이미지 순서 ON,202024.09.08
7481631,픽창 분위기 ㅈㄴ 험악하면 오히려 겜잘풀리는거같음,화기애애하면 긴장 풀려서 개좆박더라,202024.09.08
7481630,"아침에 게임하면 데미갓,이터가 새삼 존경스러워짐 ㄹㅇ","아침에 게임돌리면거의 무조건자기 점수보다 2000~2500점 낮은 친구들 붙여주는데현시즌도 2000점전시즌은 한 2500점?대충 1명이 7500~7800정도 마무리면나머지 2명은 플래~다4마무리 4200~5400 막 이렇게 붙여줌 ㅋㅋ현시즌 기준으로는 다3 5400쯤이면   골1,플4 3600점 붙여줌니가 이 친구들과함께 게임해서 이길 수 있을까?아뇨 저는 8등 사출할거같아서 그냥 닷지하고 이따 동접 2만명일때 겜할게요.. 죄송합니다 님블형님하고는 깔끔하게 게임 포기하게 되더라 ㅋㅋㅋ이게 7800 , 8000을 만난 데미갓 이터의 마음인걸까..?이걸 버티고 견디고 끌어올리고 견인하고 주도하고 오더해서 점수를 올려야 데미갓 이터를 다는거라하니새삼 데미 이터들이 존경스럽게 느껴진다",202024.09.08
7481629,리오 쌘건 ㅇㅈ 근데 그 외 여러가지 질문 좀,내가 존나 잘하지는 않지만 그래도 거리 조절을 나름대로 정말 신경 쓰면서 하는 편인데도혼자 서는 들어오는 브루저 암살자 억까는 도저히 어케 할 수가 없는데 이건 죽는게 정상이 맞는지 궁금함잘하는 리오는 뭘 잘해서 고 티어 일까,202024.09.08
7481628,나 왜 스플릿 메타 끝난거 같지,요즘 뭉쳐있는게 이득 더 보는거 같네,202024.09.08
7481627,아니 다르코 플 e 아무래도 대처하기 쉽나,이거로 게임 터트린적 ㅈㄴ 많은데 재밌어서 못 끊겠음원딜 대가리 터트리기 으히히,202024.09.08
7481626,아 씨발 요즘 왜이리 입에 자꾸 뭘 넣고싶어지지,요즘들어 자꾸 음식보면 입에다 쑤셔박고싶네 왜이러지 임신했나,202024.09.08
7481625,승률 1.8% 선장의 일망우...1/3,ㅣ선장 잘 못함 나쁜말 ㄴㄴㄴㄴㄴㄴㄴ,202024.09.08
7481623,톤현 어케굴리는거임?,원딜보이면 블e r반절차지 q 이거맞음?블쿨일때는 사리면서 q돌리고 e벽꿍각만보고?,202024.09.08
7481622,좆고수같음?,지표딸맞음,202024.09.08
7481621,부부이 감동받아서 우럿써..,ㅠㅠ,202024.09.08
7481620,실비아 원래 진칼들어? 뭐지,왜 진칼드는거지?,202024.09.08
7481618,띠띠 신스킨 언제나옴,거화띠 질림...,202024.09.08
7481617,1일차밤에 3명이 모이는게좋음???,아니면 한명은 스플릿하는게낫나..?3명끼리 모이는게 더좋은건지 2/1 나눠서 다니는게좋은건지모르겠네,202024.09.08
7481616,이새끼 씨발년인듯,씨발년,202024.09.08
7481615,진지하게 평원딜메타 두번다시안오면좋겠다,하루종일 우리팀원딜만보게되고그러다가 얘가 앞무빙한번 잘못밟아서 터지면그거만큼 허망한순간이없음얘가 겜을 못하던것도아니고 잘하다가 한번삐끗해서 터짐스증원딜이랑은 다르게 억장이 존나게무너져서걍 평원딜 그만보고싶음 레이더 빨리 개병신만들면좋겠다,202024.09.08
7481614,꼴리는 년 올리고 아파서 일찍 자러감,1이미지 순서 ON2이미지 순서 ON3이미지 순서 ON4이미지 순서 ON5이미지 순서 ON,202024.09.08
7481613,아니 왜 뎁마로 빛의검을 만든거야,아니 왜,202024.09.08
7481612,평타 실비아는 없나?,있다면 스증이 좋을까 치명타가 좋을까,202024.09.08
7481611,이리갤에 따르면 원딜은 우클릭 딸깍하면 다죽인다던데,왜 근딜하려는사람밖에없냐 ㄹㅇ,202024.09.08
7481610,자히르 특 사기캐일때 하면 존2나 재밌음,도파민 미침 ㅋㅋ,202024.09.08
7481609,걍 황별버리고 블헬 가면 안되나,왜 안감?? 치감은 우리팀이 가면 되잖아요,202024.09.08
7481608,바우게 왤케작아?,완전귀엽네...,202024.09.08
7481607,젠지가 졌다니 그건 디시 터질만한 사유긴 하네요,그동안 눌리고 눌려서 발효까지 된 슼갈들 독주머니 BAAM~~,202024.09.08
7481606,배치도안봤는데 유예는 왜깎이는거임?,이거 유예0점되면떨어지냐?,202024.09.08
7481605,2/3 플망호 선장 다이아찍을때 까지,"던파하러오세요듀오인데 핑도 안찍으면서 유기하면서 겜절대안함 악질 듀오아닙니다슨장 부니스만 하고  한명은 라우라,엘렐레,케네스 부르저들함",202024.09.08
7481603,오늘 엘씨게이 했었음?,시즌중반에 개좆슼 폼 꼬라박은거 보고 기분 팍 상해서 안봤는데 벌써 끝났구나...,202024.09.08
7481602,와 젠지가 졌네,칰이 이기다니,202024.09.08
7481601,진짜 매번 새로운 버그가 나와,그냥 즐거움,202024.09.08
7481600,내가 엘레나라서 다니엘 끊기가 좀 힘든건가,에스텔이나 마이면 다니엘 컷 할만한데 엘레나로 그냥 무스를 다니엘한테 밖았아어야 했나보군..- dc official App,202024.09.08
7481599,캬 -49점인 게임 +30점으로 만듬,결과적으로 70점 번듯 ㄹㅇ ㅋㅋㅋㅋ게임 처음부터 끝날때까지 아야랑 펠릭스 싸우다가얼추 중반에는 좀 잘풀렸는데 아무튼 어찌저찌 잘 버텨서그냥 겜 시작하자마자 첫밤되니까 합류가 스플릿이 어쩌고첫템 포코사야되는데 니들 야1동안잡아서 돈안모이고 어쩌고하루종일 서로 싸우다가 아무리 중재해도 안들어서 중간에 둘다 차단하고 겜했는데 ㅋㅋ-49점 각오하고 겜했는데 +30점 양전해부러서 천지신명이 도왔음 진짜,202024.09.08
7481598,샬럿이랑 아디나 사귀었으면 좋겠다,으흐흐,202024.09.08
7481597,황야에별 << 이거 이제 구림?,이제 머써야하지,202024.09.08
7481596,춥고 배고픈 일망호 2/3 듀오아님,절대배안고픈사람<<친추,202024.09.08
7481594,아 디시 터질거같네,에바야,202024.09.08
7481593,tk5 미빵단 매칭 그만 시발,전시즌에도 수백판 버스탔을거아냐 ㅅㅂ 들기 싫어,202024.09.08
7481592,9시 대문빵있습니다,많은 관심 부탁드립니다- dc official App,202024.09.08
7481591,김블붕 언능 망호 파주라,다씻고 이리할준비 다되엇어 너만 파주면대 언능파,202024.09.08
7481590,아야w 이속감소 없는데 왜 거짓뉴스 퍼트리노?,훈련 드가서 암만써봐도 감소없는데왜 구라핑임,202024.09.08
7481589,야!!!!!!! 김쁠뿡!!!!!!!!,이.. 이렇게 하면 되지…?,202024.09.08
7481588,고스트 알렉가면 안되냐고 씨발.,같이가면 공격력 더 높은거 아니야? 씨발.,202024.09.08
7481587,방망이 무스.gif,1이미지 순서 ON2이미지 순서 ON,202024.09.08
7481585,이리에서 젤 꼴리는여캐 <- 머임?,누가 젤 꼴림?,202024.09.08
7481584,쇼이치 왜케 어려워졌냐,영회시절엔 그냥 사각형 빨리그리면 사람 죽었는데,202024.09.08
7481582,아 안되겠다 집 가면,쌍유만 해야지- dc official App,202024.09.08
7481581,888488,ㅇ,202024.09.08
7481580,오늘 4혈팩해봄,같은팀 리다가..!- dc official App,202024.09.08
7481579,아오 뭔 롤대회얘기야,롤첩 나가!!!!!,202024.09.08
7481578,젠지가 진거면 t1이 이긴건가?,드디어 t1이 젠지를~~~,202024.09.08
7481577,이새기들 중국이리 보느라 조용한거야?,미친거야?- dc official App,202024.09.08
7481576,피올로 얜 왜케좆구린거임,ㄹㅇ 사람한명 죽이지도 못하네 단단한것도 당연히 탱한테 밀리고,202024.09.08
7481575,한화가 이길줄은 몰랏네,이길줄 몰랐다보단 기대가 안됐다가 맞나,202024.09.08
7481574,얀 진입할땐 어케 해야함?,스택 0일땐 어케해야지 강화 스택 5쌓고 제대로 교전 가능하지...,202024.09.08
7481573,벌써 부캐팔 랭망호 나올 시간이야?,시즌 시작한지 얼마나됏다고 ㅋㅋ,202024.09.08
7481572,피넛 얘는 진짜 우승 청부사가 맞다,쵸비 첫 우승도 피넛이 해준거잖아 ㅇㅇ,202024.09.08
7481571,바바라가 팀이면 tk 눈에띄게 낮아짐,나머지 두명이 결정타 안날려주면 애무딜하고 방생그림 은근 나오는듯,202024.09.08
7481570,리오때문에 이리 못 접겟어..,리오 애기밥통은 중대사항이야..,202024.09.08
7481567,다이아부터 큐수준이 달라지나,그럼 그냥 쫄튀하고 시즌중후반에 미라클런 한번하고 유예다채워서 랭크 봉인해야지,202024.09.08
7481566,롤 대회에 코1자들 왤케 많음,이리도 동접 10만 찍으면 코2자들 많아짐?,202024.09.08
7481565,저런 도란 피넛 제카를 배출해낸 팀,1이미지 순서 ON,202024.09.08
7481564,나 뉴비인데 급함 지금 루미 앞에 서있는데,루미 암컷임 수컷임??급하다 빨리좀 알려주셈,202024.09.08
7481563,요즘 날씨 선선해서 다시 조깅하러 나가도 되겠더라,저번달에는 밤에도 더워서 힘들었는데,202024.09.08
7481562,바바라 좋다고하는애들은 솔랭을 안돌리고있는것이다.,솔랭기준 상대 한명 실력으로 짜를수없는 캐릭은 좋을수가없다,202024.09.08
7481561,바비라한테 대가리박는애들이 문제임,솔로 해본애들은 바바라에 대한 공포가 유전자속에 들어있어서 근딜들고 절대 안박는데 ㅋㅋ,202024.09.08
7481560,롤 대회하니 또 디시서버가 맛이 갔구나,서버좀 늘리라고 낌윾씪!!!!!!,202024.09.08
7481559,질1문있음(질 아님),윌리엄 하는데 다른건 다 ㄱㅊ거덩?근데 막금구에서 앞에나가서 자리먹어줘야할지 뒤에있어야할지 애매함이 구도에서 내가 엠마 다르코 라우라의 진입각을 피할 수가 있어 보이지 않다는 판단 하에그냥 레온이랑 루크가 걸어주길 기다리다가 결국에 잘못걸려서 끝남템은 쟤네가 더 좋긴 했는데 엠마라서 해볼수 있었을거같음리오나 카티야처럼 사거리 @ㅐ미뒤진애들은 그냥 같이 들어가서 점사하는게 최선인거같은데이건 모르겠네3줄요약1.상대가 머리박는조합인데 이걸 금구 못들어오게 사거리로 패야되는지2.쟤네가 블링크 쓰고 머리박으면 라우라 궁때문에 결국 끌릴거같은데 어케했어야댐?3.이터형님들 조언좀요,202024.09.08
7481558,"?아니 어캐 스포츠단 이름에 ""한화""두 글자 달고",우승을하는거지?- dc official App,202024.09.08
7481557,샬럿 원험인데 템 양보 안하는게 더 잘되는것 같음,템 주니까 ㅈㄴ 나대다 짤리는것 같음,202024.09.08
7481556,호랑이 제에에엔쥐이이이가 ~~~~,코랜드 슬램 사망 ㅋㅋㅋㅋ,202024.09.08
7481554,바바라가 좋다는 놈들은 겜알못이라 그래,근딜브루저만 하던 애들 안 나오던 캐릭이 보이니깐 무지성 박치기함 ㅋ,202024.09.08
7481553,한곳에 3팀 금구쌈,뒤에서 깔짝이다 c각 잡아서 다 이기니깐 도파민 지리네근데 막금구쌈을 짐 ㅅㅂ시체부터 갈라니깐 깝치다 점사당해서 뒤지냐 에혀,202024.09.08
7481552,선장실버 랭망호 아무나 1/3,징버거발닦개어디티어까지 매칭 가능한지 몰루 대충 알아서 와주세요,202024.09.08
7481550,와 한화생명 우승!!,,202024.09.08
7481548,젠지 따운ㄷ ㄷㄷㄷㄷ,이걸 한화가,202024.09.08
7481547,8이 늘어난다 쭈욱쭈욱,날뛰기시작해 8딱8딱,202024.09.08
7481546,콘코드vs불룩아카이브vs블랙서바이벌영원회귀,,202024.09.08
7481545,지금 운석까지 찍은 전시즌 이터들 왜 다 게임 안돌림?,이터런 하던 사람들 말고 그냥 돌려서 운석 찍은 사람들도 운석 찍자마자 바로 단체로 휴식기 들어갔네 뭐지?,202024.09.08
7481544,리오한테 현상금 몰아준 선택이 옳았군,혈액무기 사더니 내가 카티야 바바라 문사이에나머지 싹 찢어버리네,202024.09.08
7481543,젠지 따ㅏㅏㅏㅏ운 ㅋㅋㅋㅋㅋㅋㅋㅋ,,202024.09.08
7481542,시즌4가 진짜 지옥이었음,진짜 별의별병신새끼들이 다있어서 시즌4가 시즌123 합친것보다 피로도 컸음,202024.09.08
7481541,오늘 방관얀만낫는데,ㅈㄴ쌔더라- dc official App,202024.09.08
7481540,엉덩이 몇대 맞을래요,,202024.09.08
7481538,혹시 영어 고수 있냐? 토익 900점 이상만,+1 additional attack per turn for all siege units여기서 for가 공성유닛을 대상으로 공격을한번더할수있다는거냐?아니면 공성유닛들이 한번더 공격할수있다는거냐?,202024.09.08
7481537,야!! 김쁠뿡!!!!! 보(이스)망호 빨리 오라고~!!!,보랑지 빨리 친추 주라고!!!,202024.09.08
7481536,블붕이 어제 처음으로 7팀 사출시켰어...........,가는데마다 싸움걸려서 포켓몬하는 기분이었어 으우.....,202024.09.08
7481535,템 몰아줄거면 몰아준놈 지켜주고 딜각해주는게 중요함,본인포함 광물 상당수에 해당하는 문제임템 몰아주면 뭐하냐고안지키고 발사해서 원딜 딜 못하게 방해받고 그사이 죽으니근데 원딜이 발사하면 걍 박제해두 됨,202024.09.08
7481534,에이든 히든패시브가 존나웃겼는데,ㅅ@발 무슨 mmorpg겜도 아니고 ㅋㅋ,202024.09.08
7481533,가미엇따대고 마를거러...,1이미지 순서 ON,202024.09.08
7481532,근데 바바라 좋다는건 진짜 공감이 안됨,걍 구려보임....- dc official App,202024.09.08
7481531,다르코 궁 적 체력비례댐 좀만 올려줬으면 좋겠다,쇼우같은 개씹 돼지색기 집어던졌을때 원딜이 맞으면 반피는 달아야지1/3도 안다는거보고 존내 실망함,202024.09.08
7481530,오늘 다니엘 딜 1.2만이 낮다고 욕 먹음,자기 매그보다 낮다고 승률 15퍼 따리한태 35퍼 승률로 욕 먹었다,202024.09.08
7481529,나를 깨달은 고양이라고 불러주겠니?,플레에서 양학하고 신났네 같은 나쁜 말은 ㄴㄴ,202024.09.08
7481528,리다이린 원래 딜 안나오는 캐릭임?,아니 어케 나딘이 2.3 현우가 0.9 넣을동안 리다이린이 0.34를 넣을수있지??이 한판이 아니라 만났던 모든 리다이린들이 딜이 ㄹㅇ 개좆만큼 넣던데 원래 딜 안나오는 캐릭인거임?혼란스럽네,202024.09.08
7481527,걍 리오만 죽어도 케네스 괜찮을 것 같은데,리오 카티아 하트 얘네 정도만 아니면 딱히 버프 할 정돈가,202024.09.08
7481526,근생진 새키들은 바바라 무서운 줄 모르지,역시 근생진들은 관짝에 쳐박아야 제맛이지 ㅋㅋㅋㅋㅋㅋㅋㅋㅋㅋㅋ,202024.09.08
7481525,포탑레이저 피해지긴하네,빙글빙글무빙으로 피해지긴하네 ㅋㅋㅋ,202024.09.08
7481524,나 실비아에 재능없는듯,사실 이리자체에 재능이없는거같기도,202024.09.08
7481523,랭크 뭔가 꺠달음,팀에 리오가 있는가?팀에 라우라가 있는가?없으면 1등 못함,202024.09.08
7481522,로비 애니메이션 찌찌 살랑살랑 흔들리게 해놓은거 너무 거슬리는데 어떡함,겜하다 자꾸 화장실 가고 싶게 만드네 아우,202024.09.08
7481521,코발트 극찬은 횟수 안쳐주는데?,극찬 받았는데 0회임코발트는 컨텐츠로 안보는듯,202024.09.08
7481520,이짤 개맘에듬 ㅋㅋ,아이작 대사 따라하는게 ㅈㄴ웃김 ㅋㅋㅋ,202024.09.08
7481519,나 약간 승리의 토템인거 같아,분명 이렘 들고 딜량 꼴등이거든?근데 막상 버스기사들 통계는 다 구리더라이렘 보고 귀여워서 힘내서 이긴게 분명해,202024.09.08
7481518,ㄹ..리오야 시야템도 만들어줘,"운석이랑 생나까지 줬잖니하다못해 드론이라도 가지고 다녀야지,,,,",202024.09.08
7481517,이붕이면 좋아할 독방구짤,이붕이가 아니라 왜 블붕이냐고,202024.09.08
7481516,띠띠 그려봐슴..,띠띳ㅣ띠띠띠띠띳,202024.09.08
7481515,블서운이야기 (존나무서움),"""시즌중에 미빵을 보면 도망쳐""- dc official App",202024.09.08
7481514,왜 원딜 템몰아주냐는글에,티어가 보인다 이런댓글들이 보이는게 이상함갤 평균티어 다이아던데 남의티어 막 품평해도 되나,202024.09.08
7481513,근데 게임 몇백판하면서 cctv못외우는건 지능문제인가,살리러다닐때막다보여주면서노출증환자마냥다니는거뺨한대치고싶네,202024.09.08
7481512,??? : 소통 안 할거면 닷지하겠음,2이미지 순서 ONㅋㅋ... 살려줘서 고맙다...,202024.09.08
7481511,결국KV 중단했네,뭐임?- dc official App,202024.09.08
7481510,이게임 한시즌에 벨패 너무 자주하지않나,한번 패치할때 내부 테스트를 확실하게 해야되는데 인력이 부족한갑다다른겜은 패치 주기 어떰??,202024.09.08
7481509,듀오 스쿼드 되는점수 몇점까지임 이번시즌?,제곧내,202024.09.08
7481508,제 아내임,입으로 하기 위해 머리 정리중...,202024.09.08
7481507,확실히 박치기공룡들이 교전을 ㅈㄴ 잘하긴 한다,박치기 하는거 보고 좆됐다고 생각했는데 3대1로 들어가서 아디나 따고 살아나오는 루크 뭐임,202024.09.08
7481505,다랭은 아직 랭크 안되나,담주는 되야하나,202024.09.08
7481504,뉴비 캐릭터 추천 좀 해주라,지금 써본 애들이카티야 8판바바라 6판아드리아나 4판이렇게 해봤는데 탱커나 진입하기 좋은 캐릭터 추천 좀 해주라우리팀 다 딜러면 내가 탱커 해야할거 같은데아직 어떤 캐릭터가 탱커고 딜러인지 잘 모르겠어,202024.09.08
7481503,다이아 위에 티어가하나 더생겼다며,이제 박치기사우르스 새끼들 안봐도되는거임?,202024.09.08
7481502,니키보지빨고싶다오니키보지,섹스강간윤간수간면간,202024.09.08
7481501,감각 차단 카티아 2편 그렸슴,다 잘랐는데 잘리진 않겠지?,202024.09.08
7481500,샬럿 빠따콘 개찰지긴 하네,전부 줘패는 샬황,202024.09.08
7481499,보통 제니 다르코랑 싸우면 누가 이기는거지,니키 엘렐레 제니로 팀했었는데 니키랑 제니중에 누구한테 맞춰줘야 했을지 모르겠어,202024.09.08
7481498,리오는 미드나잇이 젤 좋은거같음,바니걸은 아직 못땀,202024.09.08
7481497,팔이 늘어난다 쭈욱쭈욱,날뛰기 시작해 팔딱팔딱,202024.09.08
7481496,랭 돌리다가 만난 스증 방매그,이거 좋나? ㅅㅂ 왜 좋아보이지- dc official App,202024.09.08
7481495,코발트 하다 욕먹었음..,입구 틀어막혀서 점령하려고 삥 돌았는데 갑자기 우리팀 세명이 입구 밖으로 빨려가더니 다 죽는거임갑자기 나 핑 찍히고 코발트에서 킬뎃 관리 하는거냐는 말 들었음..나 마음이 너무 아파..,202024.09.08
7481494,보망우 2/3 오라고!!! 김쁠뿡!!!!!!!!!!!!,봐봐라 친추기다리다가 심심해서 그림판에 짤그림,202024.09.08
7481493,루크 2루트 죽어도 안나오네,여신상에 ops 쓰고싶은데 루트가 너무 더럽다,202024.09.08
7481492,놋북으로 이리하니까 핑 너무튀네,한타할떄마다 400이넘어가니 ㅅㅂ,202024.09.08
7481491,지금 로지 사기임? 너프 먹을각?,최근에 새로 파보는데 생각보다 딜 잘 뽑아서너프 먹으면 나 슬퍼...,202024.09.08
7481490,엠마는 왜 또 q선마로 바꼇냐,뭔일이 있던거야,202024.09.08
7481489,라우라 리오 하트 정상화좀 해라,라우라는 상대할만한데 이 씨발 하트랑 리오년은 왜이렇게 사기임?하트는 걍 잡을 엄두조차 안나고 리오는 뒤에서 ㅈㄴ 쳐 때리길래 개빡쳐서 들어가니깐 바로 소방서 키오스크 벽 넘어버리네 씨발 어쩌라고,202024.09.08
7481488,조금만 기다리면 카밀로가 상향이돼요,카밀로의시대가 거의다왓어요,202024.09.08
7481487,다르코 성능과는 별개로 재미가 없어진거같음,초창기엔 방관템 섞어서 깜짝딜이 있었는데지금은 진짜 극 원딜 수호자 느낌재미가업서,202024.09.08
7481486,중국인중에 영어로 sry 치는애들은 ㄹㅇ로 상위1%인듯,이런애들은 임티도 맞임티 잘해줌,202024.09.08
7481485,와 시발 히토미에 게이쇼타퍼리ntr 올라왔네,개꼴리노- dc official App,202024.09.08
7481484,점수 버는게 생각보다 박해서,이번 시즌 랭크 안정화 시간 좀 걸리지 않을까,202024.09.08
7481483,ㄹ자돌림 자매들이나 할까,아니근데 나 레녹스 레니 알렉스도 다 잘하는데- dc official App,202024.09.08
7481482,솔근딜되는 험체누규누구있냐,부거 레녹스 알론소 현우정돈가,202024.09.08
7481481,하트 궁 부쉬에서 쓰면 적한테는 안보이네 ㅅㅂ,아오 시발 님블시치 이런건 좀 보이게 해두지 누누도 아니고,202024.09.08
7481480,비앙카 < 진짜 양학캐릭인듯,미빵단들 애 대처 절대 못함 진짜로걍 무지성 궁플하면 씨발 걍 어버버하다 뒤짐애 대처하는 수준되려면 데미갓은 되야됨 진짜로,202024.09.08
7481479,블붕 전 미빵단,플레에서 검거 ㅠㅠ,202024.09.08
7481478,리오 지금 ㅈㄴ쎈가보네,평원딜 진짜 성능 많이올라왔을때만 집는디나같은 훠접이 집어도 굴러가는거보면- dc official App,202024.09.08
7481477,춥고 배고픈 일망호 2/3 두오아님,절대배안고픈사람<<친추,202024.09.08
7481476,지금 근데 ㅄ캐릭 오지게 많네,ㅄ된 탱커랑 딜러들 오지게 많네 ㅋㅋㅋㅋㅋ님블새키들 밸런스 잡으려면 대가리 깨지겠네 ㅋㅋㅋㅋㅋㅋ,202024.09.08
